INSERT INTO object_type(id, name, description) VALUES
(1,  'ANY', 'Special object type that represents anything'),
(2,  'SERVER_NODE', 'Server Node'),
(3,  'DATA_CENTER', 'Data Center'),
(4,  'AVAILABILITY_ZONE', 'Availability Zone'),
(5,  'REGION', 'Region'),
(6,  'CONFIGURATION', 'Configuration'),
(7,  'COMPANY', 'Company'),
(8,  'BUSINESS_UNIT', 'Business Unit'),
(9,  'BUSINESS_LINE', 'Business Line'),
(10, 'APPLICATION', 'Application'),
(11, 'BUDGET', 'Budget'),
(12, 'BUDGET_ITEM', 'Budget Item'),
(13, 'COST_TRANSACTION', 'Cost Transaction'),
(14, 'BUDGET_ACCOUNT', 'Budget Account');

INSERT INTO object_status(id, type_id, name, description) VALUES
(1, 1, 'ANY', 'Placeholder that represents any stateus'),
(2, 1, 'NEW', 'Object has been entered into the system'),
(3, 1, 'UNALLOCATED', 'Object has gone through intake'),
(4, 1, 'ALLOCATED', 'Object is in use or is ready for use'),
(5, 1, 'CANCELLED', 'Object is scheduled for decommissioning'),
(6, 1, 'MAINTENANCE', 'Object is scheduled for maintenance'),
(7, 1, 'DECOMMISSIONED', 'Object is gone'),
(8, 1, 'INCOMPLETE', 'Object has not been finalized'),
(9, 1, 'PROVISIONING', 'Object is currently being provisioned'),
(10, 1, 'PROVISIONED', 'Object is provisioned but not allocated'),
(11, 11, 'CREATED', 'Budget is created'),
(12, 11, 'REVIEWED', 'Budget is reviewed'),
(13, 11, 'APPROVED', 'Budget is approved'),
(14, 11, 'REJECTED', 'Budget is rejected');

INSERT INTO object_state(id, status_id, name, description) VALUES
(1, 1, 'NEW', 'New'),
(2, 1, 'STARTING', 'Starting'),
(3, 1, 'RUNNING', 'Running'),
(4, 1, 'STOPPING', 'Stopping'),
(5, 1, 'TERMINATED', 'Terminated'),
(6, 1, 'FAILED', 'Failed'),
(7, 1, 'RELOCATION', 'Relocation'),
(8, 6, 'HARDWARE_PROBLEM', 'Hardward Problem'),
(9, 6, 'NETWORK_PROBLEM', 'Network Problem'),
(10, 6, 'HARDWARE_UPGRADE', 'Hardware Upgrade'),
(11, 6, 'HARDWARE_TESTING', 'Hardware Testing'),
(12, 6, 'NOOP', 'Maintenance NOOP');

INSERT INTO object_meta(id, type_id, name, value_type, description) VALUES
(1, 1, 'ALIAS', 1, 'Alias'),
(2, 1, 'PRODUCT', 1, 'Product'),
(3, 1, 'VENDOR', 1, 'Vendor'),
(4, 1, 'SERIAL', 1, 'Serial number'),
(5, 1, 'SORT_BY', 1, 'The meta value used to sort multiple objects'),
(6, 2, 'CPU_COUNT', 2, 'Number of physical CPUs'),
(7, 2, 'CPU_CORES', 2, 'Number of cores per physical CPU'),
(8, 2, 'CPU_THREADS', 2, 'Number of threads per CPU core'),
(9, 2, 'CPU_SPEED_GHZ', 1, 'CPU Speed in GHz'),
(10, 2, 'CPU_DESCRIPTION', 1, 'CPU description, vendor labels'),
(11, 2, 'MEMORY_SIZE_BYTES', 2, 'Size of Memory Stick'),
(12, 2, 'MEMORY_DESCRIPTION', 1, 'Memory description, vendor label'),
(13, 2, 'MEMORY_SIZE_TOTAL', 2, 'Total amount of available memory in bytes'),
(14, 2, 'MEMORY_BANKS_TOTAL', 2, 'Total number of memory banks'),
(15, 2, 'NIC_SPEED', 2, 'Speed of nic, stored as bits per second'),
(16, 2, 'NIC_DESCRIPTION', 1, 'Vendor labels for NIC'),
(17, 2, 'NIC_MAC_ADDRESS', 1, 'MAC Address of NIC'),
(18, 2, 'INTERFACE_NAME', 1, 'Name of physical interface, e.g. eth0'),
(19, 2, 'INTERFACE_ADDRESS', 1, 'Address on interface, e.g. 10.0.0.1'),
(20, 2, 'HOSTNAME', 1, 'Hostname of'),
(21, 2, 'GPU_PRODUCT', 1, 'GPU product (description of GPU)'),
(22, 2, 'GPU_VENDOR', 1, 'GPU vendor'),
(23, 2, 'MOTHERBOARD', 1, 'Motherboard product name'),
(24, 2, 'FIRMWARE', 1, 'The motherboard firmware version'),
(25, 2, 'FIRMWARE_DATE', 1, 'The date the motherboard firmware was released'),
(26, 2, 'DISK_LOGICAL_NAME', 1, 'The logical name of the disk as reported by lshw'),
(27, 2, 'DISK_SIZE_BYTES', 2, 'Disk size in bytes'),
(28, 2, 'DISK_TYPE', 1, 'Inferred disk type: SCSI, IDE or FLASH'),
(29, 2, 'DISK_DESCRIPTION', 1, 'Vendor labels for disk'),
(30, 2, 'DISK_STORAGE_TOTAL', 2, 'Total amount of available storage'),
(31, 11, 'TIME_PERIOD', 1, 'Time period of budget'),
(32, 14, 'BALANCE', 1, 'Current balance of a budget account');
